model_id,model_group,grouping,query,option,rank,score,score_norm
Alibaba-NLP/gte-multilingual-base,East,economy,Best type of economy,mixed economy,1,0.7258857488632202,1.0
Alibaba-NLP/gte-multilingual-base,East,economy,Best type of economy,capitalism,2,0.6541772484779358,0.6511148604365483
Alibaba-NLP/gte-multilingual-base,East,economy,Best type of economy,socialism,3,0.6523394584655762,0.642173415259123
Alibaba-NLP/gte-multilingual-base,East,economy,Best type of economy,communism,4,0.6101758480072021,0.43703375900872427
Alibaba-NLP/gte-multilingual-base,East,economy,Best type of economy,market anarchism,5,0.5536949634552002,0.162235915186624
Alibaba-NLP/gte-multilingual-base,East,economy,Best type of economy,fascism,6,0.5203496217727661,0.0
Alibaba-NLP/gte-multilingual-base,East,epistemological,How should knowledge and truth be established,empiricism,1,0.599549412727356,1.0
Alibaba-NLP/gte-multilingual-base,East,epistemological,How should knowledge and truth be established,scientific consensus,2,0.5852982401847839,0.8677639190926125
Alibaba-NLP/gte-multilingual-base,East,epistemological,How should knowledge and truth be established,rationalism,3,0.5815746188163757,0.8332125798908463
Alibaba-NLP/gte-multilingual-base,East,epistemological,How should knowledge and truth be established,religious revelation,4,0.5810577273368835,0.8284163637691002
Alibaba-NLP/gte-multilingual-base,East,epistemological,How should knowledge and truth be established,pragmatism,5,0.5574063062667847,0.6089557389778839
Alibaba-NLP/gte-multilingual-base,East,epistemological,How should knowledge and truth be established,tradition,6,0.5286204218864441,0.34185262696809676
Alibaba-NLP/gte-multilingual-base,East,epistemological,How should knowledge and truth be established,postmodernism,7,0.49177873134613037,0.0
Alibaba-NLP/gte-multilingual-base,East,ethics,What determines moral rightness,moral relativism,1,0.7329066395759583,1.0
Alibaba-NLP/gte-multilingual-base,East,ethics,What determines moral rightness,virtue ethics,2,0.6427019238471985,0.6535561914952114
Alibaba-NLP/gte-multilingual-base,East,ethics,What determines moral rightness,consequentialism,3,0.5512200593948364,0.3022073149542652
Alibaba-NLP/gte-multilingual-base,East,ethics,What determines moral rightness,natural law,4,0.544424295425415,0.27610723435154644
Alibaba-NLP/gte-multilingual-base,East,ethics,What determines moral rightness,divine command theory,5,0.5056076645851135,0.1270265425828902
Alibaba-NLP/gte-multilingual-base,East,ethics,What determines moral rightness,contractarianism,6,0.47253334522247314,0.0
Alibaba-NLP/gte-multilingual-base,East,freedom,Primary unit of moral concern,communitarianism,1,0.6153873205184937,1.0
Alibaba-NLP/gte-multilingual-base,East,freedom,Primary unit of moral concern,individualism,2,0.6010323762893677,0.8627551657148914
Alibaba-NLP/gte-multilingual-base,East,freedom,Primary unit of moral concern,collectivism,3,0.5925588607788086,0.7817415293331229
Alibaba-NLP/gte-multilingual-base,East,freedom,Primary unit of moral concern,cosmopolitanism,4,0.5107936263084412,0.0
Alibaba-NLP/gte-multilingual-base,East,government,Best type of government,democracy,1,0.7234706878662109,1.0
Alibaba-NLP/gte-multilingual-base,East,government,Best type of government,monarchy,2,0.7192574143409729,0.9533081666286854
Alibaba-NLP/gte-multilingual-base,East,government,Best type of government,republic,3,0.701500415802002,0.7565236920414425
Alibaba-NLP/gte-multilingual-base,East,government,Best type of government,libertarianism,4,0.6953661441802979,0.6885432044943375
Alibaba-NLP/gte-multilingual-base,East,government,Best type of government,oligarchy,5,0.6678721308708191,0.38385235533273226
Alibaba-NLP/gte-multilingual-base,East,government,Best type of government,theocracy,6,0.6599985361099243,0.2965965499816699
Alibaba-NLP/gte-multilingual-base,East,government,Best type of government,technocracy,7,0.6540355086326599,0.23051380370630917
Alibaba-NLP/gte-multilingual-base,East,government,Best type of government,authoritarianism,8,0.6465053558349609,0.14706404959360064
Alibaba-NLP/gte-multilingual-base,East,government,Best type of government,anarchism,9,0.6332349181175232,0.0
Alibaba-NLP/gte-multilingual-base,East,identity,Primary basis of political identity,race/ethnicity,1,0.6059668660163879,1.0
Alibaba-NLP/gte-multilingual-base,East,identity,Primary basis of political identity,nation,2,0.5949620008468628,0.942951710056719
Alibaba-NLP/gte-multilingual-base,East,identity,Primary basis of political identity,gender,3,0.5334348082542419,0.6239999493263886
Alibaba-NLP/gte-multilingual-base,East,identity,Primary basis of political identity,class,4,0.5051973462104797,0.47761933519620653
Alibaba-NLP/gte-multilingual-base,East,identity,Primary basis of political identity,religion,5,0.4905408024787903,0.40164105254652666
Alibaba-NLP/gte-multilingual-base,East,identity,Primary basis of political identity,culture,6,0.49004003405570984,0.399045111410106
Alibaba-NLP/gte-multilingual-base,East,identity,Primary basis of political identity,universal humanity,7,0.4130624830722809,0.0
Alibaba-NLP/gte-multilingual-base,East,justice,What is the basis of a just outcome,distributive justice,1,0.6769790649414062,1.0
Alibaba-NLP/gte-multilingual-base,East,justice,What is the basis of a just outcome,transformative justice,2,0.6579940915107727,0.6084634296250768
Alibaba-NLP/gte-multilingual-base,East,justice,What is the basis of a just outcome,procedural justice,3,0.6406111717224121,0.24996681007990165
Alibaba-NLP/gte-multilingual-base,East,justice,What is the basis of a just outcome,restorative justice,4,0.6344705820083618,0.12332636754763368
Alibaba-NLP/gte-multilingual-base,East,justice,What is the basis of a just outcome,retributive justice,5,0.628490686416626,0.0
Alibaba-NLP/gte-multilingual-base,East,power_structure,How should power be distributed,decentralization,1,0.6479717493057251,1.0
Alibaba-NLP/gte-multilingual-base,East,power_structure,How should power be distributed,direct democracy,2,0.6063226461410522,0.6397264264519739
Alibaba-NLP/gte-multilingual-base,East,power_structure,How should power be distributed,representative democracy,3,0.5753741264343262,0.3720151687406388
Alibaba-NLP/gte-multilingual-base,East,power_structure,How should power be distributed,federalism,4,0.5577659606933594,0.21970080148903204
Alibaba-NLP/gte-multilingual-base,East,power_structure,How should power be distributed,centralism,5,0.5534837245941162,0.1826585512357471
Alibaba-NLP/gte-multilingual-base,East,power_structure,How should power be distributed,technocracy,6,0.5323676466941833,0.0
Alibaba-NLP/gte-multilingual-base,East,social_order,How should society be structured,egalitarianism,1,0.5955834984779358,1.0
Alibaba-NLP/gte-multilingual-base,East,social_order,How should society be structured,meritocracy,2,0.5933108925819397,0.9773801143986713
Alibaba-NLP/gte-multilingual-base,East,social_order,How should society be structured,multiculturalism,3,0.5519607067108154,0.5658100856284407
Alibaba-NLP/gte-multilingual-base,East,social_order,How should society be structured,progressivism,4,0.5355210304260254,0.4021813642826145
Alibaba-NLP/gte-multilingual-base,East,social_order,How should society be structured,nationalism,5,0.5331797003746033,0.3788774478352322
Alibaba-NLP/gte-multilingual-base,East,social_order,How should society be structured,traditionalism,6,0.5078800320625305,0.12706273417155292
Alibaba-NLP/gte-multilingual-base,East,social_order,How should society be structured,globalism,7,0.49511411786079407,0.0
Qwen/Qwen3-Embedding-0.6B,East,economy,Best type of economy,mixed economy,1,0.4583148956298828,1.0
Qwen/Qwen3-Embedding-0.6B,East,economy,Best type of economy,capitalism,2,0.3853033781051636,0.6826878727901995
Qwen/Qwen3-Embedding-0.6B,East,economy,Best type of economy,market anarchism,3,0.3367230296134949,0.47155496878959746
Qwen/Qwen3-Embedding-0.6B,East,economy,Best type of economy,socialism,4,0.32418203353881836,0.417051100404201
Qwen/Qwen3-Embedding-0.6B,East,economy,Best type of economy,communism,5,0.28933185338974,0.26559027378866296
Qwen/Qwen3-Embedding-0.6B,East,economy,Best type of economy,fascism,6,0.22822120785713196,0.0
Qwen/Qwen3-Embedding-0.6B,East,epistemological,How should knowledge and truth be established,rationalism,1,0.39624637365341187,1.0
Qwen/Qwen3-Embedding-0.6B,East,epistemological,How should knowledge and truth be established,empiricism,2,0.39139461517333984,0.975794102223
Qwen/Qwen3-Embedding-0.6B,East,epistemological,How should knowledge and truth be established,religious revelation,3,0.3650258183479309,0.8442375948082173
Qwen/Qwen3-Embedding-0.6B,East,epistemological,How should knowledge and truth be established,scientific consensus,4,0.34957486391067505,0.7671512713233458
Qwen/Qwen3-Embedding-0.6B,East,epistemological,How should knowledge and truth be established,pragmatism,5,0.33248957991600037,0.681911117765667
Qwen/Qwen3-Embedding-0.6B,East,epistemological,How should knowledge and truth be established,tradition,6,0.25675705075263977,0.30407411972639864
Qwen/Qwen3-Embedding-0.6B,East,epistemological,How should knowledge and truth be established,postmodernism,7,0.19580933451652527,0.0
Qwen/Qwen3-Embedding-0.6B,East,ethics,What determines moral rightness,moral relativism,1,0.5311660766601562,1.0
Qwen/Qwen3-Embedding-0.6B,East,ethics,What determines moral rightness,virtue ethics,2,0.489416241645813,0.8173281696201541
Qwen/Qwen3-Embedding-0.6B,East,ethics,What determines moral rightness,natural law,3,0.4218760132789612,0.5218132978654044
Qwen/Qwen3-Embedding-0.6B,East,ethics,What determines moral rightness,consequentialism,4,0.3649548292160034,0.2727608913925074
Qwen/Qwen3-Embedding-0.6B,East,ethics,What determines moral rightness,divine command theory,5,0.35183441638946533,0.21535396210669067
Qwen/Qwen3-Embedding-0.6B,East,ethics,What determines moral rightness,contractarianism,6,0.30261504650115967,0.0
Qwen/Qwen3-Embedding-0.6B,East,freedom,Primary unit of moral concern,collectivism,1,0.3140465319156647,1.0
Qwen/Qwen3-Embedding-0.6B,East,freedom,Primary unit of moral concern,communitarianism,2,0.3126908540725708,0.9319749966353128
Qwen/Qwen3-Embedding-0.6B,East,freedom,Primary unit of moral concern,individualism,3,0.3085680902004242,0.7251035575959683
Qwen/Qwen3-Embedding-0.6B,East,freedom,Primary unit of moral concern,cosmopolitanism,4,0.29411742091178894,0.0
Qwen/Qwen3-Embedding-0.6B,East,government,Best type of government,technocracy,1,0.4450991153717041,1.0
Qwen/Qwen3-Embedding-0.6B,East,government,Best type of government,oligarchy,2,0.4422125220298767,0.9800887575424176
Qwen/Qwen3-Embedding-0.6B,East,government,Best type of government,monarchy,3,0.4099639654159546,0.7576435587876874
Qwen/Qwen3-Embedding-0.6B,East,government,Best type of government,democracy,4,0.4071463942527771,0.7382084198789266
Qwen/Qwen3-Embedding-0.6B,East,government,Best type of government,republic,5,0.4002903997898102,0.690916906363013
Qwen/Qwen3-Embedding-0.6B,East,government,Best type of government,theocracy,6,0.39555591344833374,0.6582592042574676
Qwen/Qwen3-Embedding-0.6B,East,government,Best type of government,authoritarianism,7,0.3853800296783447,0.5880676445290851
Qwen/Qwen3-Embedding-0.6B,East,government,Best type of government,libertarianism,8,0.3331300616264343,0.2276560246422645
Qwen/Qwen3-Embedding-0.6B,East,government,Best type of government,anarchism,9,0.3001260757446289,0.0
Qwen/Qwen3-Embedding-0.6B,East,identity,Primary basis of political identity,race/ethnicity,1,0.2850145101547241,1.0
Qwen/Qwen3-Embedding-0.6B,East,identity,Primary basis of political identity,nation,2,0.24821022152900696,0.6159283674109164
Qwen/Qwen3-Embedding-0.6B,East,identity,Primary basis of political identity,gender,3,0.2295173555612564,0.42085872150594883
Qwen/Qwen3-Embedding-0.6B,East,identity,Primary basis of political identity,religion,4,0.21184055507183075,0.2363922401138518
Qwen/Qwen3-Embedding-0.6B,East,identity,Primary basis of political identity,culture,5,0.21044577658176422,0.22183701104183357
Qwen/Qwen3-Embedding-0.6B,East,identity,Primary basis of political identity,class,6,0.192068949341774,0.03006539139045496
Qwen/Qwen3-Embedding-0.6B,East,identity,Primary basis of political identity,universal humanity,7,0.1891878843307495,0.0
Qwen/Qwen3-Embedding-0.6B,East,justice,What is the basis of a just outcome,distributive justice,1,0.5066217184066772,1.0
Qwen/Qwen3-Embedding-0.6B,East,justice,What is the basis of a just outcome,procedural justice,2,0.4861360788345337,0.7181165779523814
Qwen/Qwen3-Embedding-0.6B,East,justice,What is the basis of a just outcome,retributive justice,3,0.47873589396476746,0.6162896651274943
Qwen/Qwen3-Embedding-0.6B,East,justice,What is the basis of a just outcome,transformative justice,4,0.43995141983032227,0.08261336701468912
Qwen/Qwen3-Embedding-0.6B,East,justice,What is the basis of a just outcome,restorative justice,5,0.4339475631713867,0.0
Qwen/Qwen3-Embedding-0.6B,East,power_structure,How should power be distributed,centralism,1,0.34142303466796875,1.0
Qwen/Qwen3-Embedding-0.6B,East,power_structure,How should power be distributed,decentralization,2,0.3408939838409424,0.9740819472995702
Qwen/Qwen3-Embedding-0.6B,East,power_structure,How should power be distributed,federalism,3,0.33670011162757874,0.7686253153616146
Qwen/Qwen3-Embedding-0.6B,East,power_structure,How should power be distributed,direct democracy,4,0.33329910039901733,0.6020107222948982
Qwen/Qwen3-Embedding-0.6B,East,power_structure,How should power be distributed,technocracy,5,0.3240854740142822,0.15063773126518407
Qwen/Qwen3-Embedding-0.6B,East,power_structure,How should power be distributed,representative democracy,6,0.3210105895996094,0.0
Qwen/Qwen3-Embedding-0.6B,East,social_order,How should society be structured,egalitarianism,1,0.3873186707496643,1.0
Qwen/Qwen3-Embedding-0.6B,East,social_order,How should society be structured,meritocracy,2,0.3762112855911255,0.8915171020464357
Qwen/Qwen3-Embedding-0.6B,East,social_order,How should society be structured,multiculturalism,3,0.3437155485153198,0.5741398184820451
Qwen/Qwen3-Embedding-0.6B,East,social_order,How should society be structured,progressivism,4,0.3345540165901184,0.48466155525859805
Qwen/Qwen3-Embedding-0.6B,East,social_order,How should society be structured,traditionalism,5,0.333782434463501,0.47712571636313256
Qwen/Qwen3-Embedding-0.6B,East,social_order,How should society be structured,nationalism,6,0.2890245020389557,0.03998680864354027
Qwen/Qwen3-Embedding-0.6B,East,social_order,How should society be structured,globalism,7,0.2849303185939789,0.0
google/embeddinggemma-300m,West,economy,Best type of economy,mixed economy,1,0.5465476512908936,1.0
google/embeddinggemma-300m,West,economy,Best type of economy,capitalism,2,0.3883278965950012,0.6081150622329837
google/embeddinggemma-300m,West,economy,Best type of economy,market anarchism,3,0.3812623918056488,0.5906149408986419
google/embeddinggemma-300m,West,economy,Best type of economy,communism,4,0.287814199924469,0.359158768246978
google/embeddinggemma-300m,West,economy,Best type of economy,socialism,5,0.2850683927536011,0.3523578445927604
google/embeddinggemma-300m,West,economy,Best type of economy,fascism,6,0.14280731976032257,0.0
google/embeddinggemma-300m,West,epistemological,How should knowledge and truth be established,rationalism,1,0.34557044506073,1.0
google/embeddinggemma-300m,West,epistemological,How should knowledge and truth be established,empiricism,2,0.3351845145225525,0.9126924556966084
google/embeddinggemma-300m,West,epistemological,How should knowledge and truth be established,scientific consensus,3,0.3174355626106262,0.7634889346742935
google/embeddinggemma-300m,West,epistemological,How should knowledge and truth be established,pragmatism,4,0.316758394241333,0.757796434884737
google/embeddinggemma-300m,West,epistemological,How should knowledge and truth be established,religious revelation,5,0.29602447152137756,0.5835002685661375
google/embeddinggemma-300m,West,epistemological,How should knowledge and truth be established,postmodernism,6,0.2822299599647522,0.46753907236454445
google/embeddinggemma-300m,West,epistemological,How should knowledge and truth be established,tradition,7,0.22661244869232178,0.0
google/embeddinggemma-300m,West,ethics,What determines moral rightness,moral relativism,1,0.5159375667572021,1.0
google/embeddinggemma-300m,West,ethics,What determines moral rightness,virtue ethics,2,0.4743415117263794,0.854553101542054
google/embeddinggemma-300m,West,ethics,What determines moral rightness,consequentialism,3,0.35844141244888306,0.4492908727468336
google/embeddinggemma-300m,West,ethics,What determines moral rightness,natural law,4,0.322917103767395,0.32507475384429735
google/embeddinggemma-300m,West,ethics,What determines moral rightness,contractarianism,5,0.23325729370117188,0.011565665523362361
google/embeddinggemma-300m,West,ethics,What determines moral rightness,divine command theory,6,0.22994965314865112,0.0
google/embeddinggemma-300m,West,freedom,Primary unit of moral concern,individualism,1,0.20899181067943573,1.0
google/embeddinggemma-300m,West,freedom,Primary unit of moral concern,communitarianism,2,0.20739713311195374,0.9797731780512984
google/embeddinggemma-300m,West,freedom,Primary unit of moral concern,collectivism,3,0.20154157280921936,0.9055015020282201
google/embeddinggemma-300m,West,freedom,Primary unit of moral concern,cosmopolitanism,4,0.13015206158161163,0.0
google/embeddinggemma-300m,West,government,Best type of government,democracy,1,0.4083513021469116,1.0
google/embeddinggemma-300m,West,government,Best type of government,technocracy,2,0.3784705400466919,0.7727571591335856
google/embeddinggemma-300m,West,government,Best type of government,monarchy,3,0.3634840250015259,0.6587848902159282
google/embeddinggemma-300m,West,government,Best type of government,authoritarianism,4,0.36227765679359436,0.6496104743231265
google/embeddinggemma-300m,West,government,Best type of government,theocracy,5,0.35392260551452637,0.5860704085820985
google/embeddinggemma-300m,West,government,Best type of government,oligarchy,6,0.3401750922203064,0.48152073326426664
google/embeddinggemma-300m,West,government,Best type of government,libertarianism,7,0.2980259656906128,0.1609771266279721
google/embeddinggemma-300m,West,government,Best type of government,republic,8,0.2833831310272217,0.04961854293168359
google/embeddinggemma-300m,West,government,Best type of government,anarchism,9,0.2768586575984955,0.0
google/embeddinggemma-300m,West,identity,Primary basis of political identity,nation,1,0.32567837834358215,1.0
google/embeddinggemma-300m,West,identity,Primary basis of political identity,race/ethnicity,2,0.31532999873161316,0.9469082634196216
google/embeddinggemma-300m,West,identity,Primary basis of political identity,culture,3,0.20675021409988403,0.3898462363410532
google/embeddinggemma-300m,West,identity,Primary basis of political identity,gender,4,0.17967453598976135,0.2509361051070641
google/embeddinggemma-300m,West,identity,Primary basis of political identity,universal humanity,5,0.17378443479537964,0.22071729667813894
google/embeddinggemma-300m,West,identity,Primary basis of political identity,religion,6,0.15101808309555054,0.10391590431854858
google/embeddinggemma-300m,West,identity,Primary basis of political identity,class,7,0.13076330721378326,0.0
google/embeddinggemma-300m,West,justice,What is the basis of a just outcome,distributive justice,1,0.5239900946617126,1.0
google/embeddinggemma-300m,West,justice,What is the basis of a just outcome,procedural justice,2,0.4690210521221161,0.6085756389529902
google/embeddinggemma-300m,West,justice,What is the basis of a just outcome,retributive justice,3,0.46715033054351807,0.5952545774105389
google/embeddinggemma-300m,West,justice,What is the basis of a just outcome,transformative justice,4,0.44566667079925537,0.44227341929246067
google/embeddinggemma-300m,West,justice,What is the basis of a just outcome,restorative justice,5,0.3835567235946655,0.0
google/embeddinggemma-300m,West,power_structure,How should power be distributed,decentralization,1,0.3671466112136841,1.0
google/embeddinggemma-300m,West,power_structure,How should power be distributed,representative democracy,2,0.29151034355163574,0.2149336124755279
google/embeddinggemma-300m,West,power_structure,How should power be distributed,centralism,3,0.28252434730529785,0.12166349445566808
google/embeddinggemma-300m,West,power_structure,How should power be distributed,direct democracy,4,0.281660795211792,0.11270025838594316
google/embeddinggemma-300m,West,power_structure,How should power be distributed,technocracy,5,0.28104299306869507,0.10628778310552497
google/embeddinggemma-300m,West,power_structure,How should power be distributed,federalism,6,0.2708028256893158,0.0
google/embeddinggemma-300m,West,social_order,How should society be structured,egalitarianism,1,0.3516194224357605,1.0
google/embeddinggemma-300m,West,social_order,How should society be structured,meritocracy,2,0.3249742388725281,0.8307429134821225
google/embeddinggemma-300m,West,social_order,How should society be structured,progressivism,3,0.2820635437965393,0.5581630976297375
google/embeddinggemma-300m,West,social_order,How should society be structured,globalism,4,0.2557021975517273,0.3907090190531217
google/embeddinggemma-300m,West,social_order,How should society be structured,traditionalism,5,0.24243518710136414,0.30643354276294116
google/embeddinggemma-300m,West,social_order,How should society be structured,nationalism,6,0.20876333117485046,0.09254121891212211
google/embeddinggemma-300m,West,social_order,How should society be structured,multiculturalism,7,0.19419509172439575,0.0
ibm-granite/granite-embedding-278m-multilingual,West,economy,Best type of economy,mixed economy,1,0.7504113912582397,1.0
ibm-granite/granite-embedding-278m-multilingual,West,economy,Best type of economy,capitalism,2,0.6969940066337585,0.6570824988654809
ibm-granite/granite-embedding-278m-multilingual,West,economy,Best type of economy,market anarchism,3,0.6816257834434509,0.55842486651703
ibm-granite/granite-embedding-278m-multilingual,West,economy,Best type of economy,socialism,4,0.6626020669937134,0.4363004803626788
ibm-granite/granite-embedding-278m-multilingual,West,economy,Best type of economy,communism,5,0.6022710800170898,0.049000513499056035
ibm-granite/granite-embedding-278m-multilingual,West,economy,Best type of economy,fascism,6,0.5946381092071533,0.0
ibm-granite/granite-embedding-278m-multilingual,West,epistemological,How should knowledge and truth be established,scientific consensus,1,0.5919129848480225,1.0
ibm-granite/granite-embedding-278m-multilingual,West,epistemological,How should knowledge and truth be established,religious revelation,2,0.5688703656196594,0.823549682464191
ibm-granite/granite-embedding-278m-multilingual,West,epistemological,How should knowledge and truth be established,pragmatism,3,0.5272345542907715,0.5047208176969274
ibm-granite/granite-embedding-278m-multilingual,West,epistemological,How should knowledge and truth be established,empiricism,4,0.5180151462554932,0.4341226161993013
ibm-granite/granite-embedding-278m-multilingual,West,epistemological,How should knowledge and truth be established,rationalism,5,0.5088831186294556,0.3641935357249465
ibm-granite/granite-embedding-278m-multilingual,West,epistemological,How should knowledge and truth be established,tradition,6,0.4799700975418091,0.14279024379556846
ibm-granite/granite-embedding-278m-multilingual,West,epistemological,How should knowledge and truth be established,postmodernism,7,0.4613231420516968,0.0
ibm-granite/granite-embedding-278m-multilingual,West,ethics,What determines moral rightness,moral relativism,1,0.7468389272689819,1.0
ibm-granite/granite-embedding-278m-multilingual,West,ethics,What determines moral rightness,virtue ethics,2,0.7455601096153259,0.9934909303828383
ibm-granite/granite-embedding-278m-multilingual,West,ethics,What determines moral rightness,divine command theory,3,0.6131794452667236,0.3196849677049424
ibm-granite/granite-embedding-278m-multilingual,West,ethics,What determines moral rightness,natural law,4,0.5975449681282043,0.2401068512849762
ibm-granite/granite-embedding-278m-multilingual,West,ethics,What determines moral rightness,consequentialism,5,0.5951467752456665,0.2279002599987258
ibm-granite/granite-embedding-278m-multilingual,West,ethics,What determines moral rightness,contractarianism,6,0.5503718852996826,0.0
ibm-granite/granite-embedding-278m-multilingual,West,freedom,Primary unit of moral concern,communitarianism,1,0.6440795660018921,1.0
ibm-granite/granite-embedding-278m-multilingual,West,freedom,Primary unit of moral concern,cosmopolitanism,2,0.6227065324783325,0.40576568693738485
ibm-granite/granite-embedding-278m-multilingual,West,freedom,Primary unit of moral concern,collectivism,3,0.6217473745346069,0.37909822482069233
ibm-granite/granite-embedding-278m-multilingual,West,freedom,Primary unit of moral concern,individualism,4,0.6081122159957886,0.0
ibm-granite/granite-embedding-278m-multilingual,West,government,Best type of government,democracy,1,0.7080192565917969,1.0
ibm-granite/granite-embedding-278m-multilingual,West,government,Best type of government,republic,2,0.6979531049728394,0.8878644296478475
ibm-granite/granite-embedding-278m-multilingual,West,government,Best type of government,monarchy,3,0.6891990900039673,0.7903458844714525
ibm-granite/granite-embedding-278m-multilingual,West,government,Best type of government,technocracy,4,0.6875411868095398,0.7718770666617089
ibm-granite/granite-embedding-278m-multilingual,West,government,Best type of government,oligarchy,5,0.6849746704101562,0.743286420389203
ibm-granite/granite-embedding-278m-multilingual,West,government,Best type of government,authoritarianism,6,0.684127926826477,0.7338538111565869
ibm-granite/granite-embedding-278m-multilingual,West,government,Best type of government,theocracy,7,0.6758537888526917,0.6416810309338589
ibm-granite/granite-embedding-278m-multilingual,West,government,Best type of government,libertarianism,8,0.6555803418159485,0.4158375673615519
ibm-granite/granite-embedding-278m-multilingual,West,government,Best type of government,anarchism,9,0.6182515621185303,0.0
ibm-granite/granite-embedding-278m-multilingual,West,identity,Primary basis of political identity,race/ethnicity,1,0.5981749296188354,1.0
ibm-granite/granite-embedding-278m-multilingual,West,identity,Primary basis of political identity,nation,2,0.595496654510498,0.9772970367514765
ibm-granite/granite-embedding-278m-multilingual,West,identity,Primary basis of political identity,universal humanity,3,0.5725328922271729,0.7826398674624712
ibm-granite/granite-embedding-278m-multilingual,West,identity,Primary basis of political identity,religion,4,0.5508893132209778,0.5991735098748846
ibm-granite/granite-embedding-278m-multilingual,West,identity,Primary basis of political identity,culture,5,0.54105544090271,0.5158146192451242
ibm-granite/granite-embedding-278m-multilingual,West,identity,Primary basis of political identity,gender,6,0.5005539655685425,0.1724953302145853
ibm-granite/granite-embedding-278m-multilingual,West,identity,Primary basis of political identity,class,7,0.48020464181900024,0.0
ibm-granite/granite-embedding-278m-multilingual,West,justice,What is the basis of a just outcome,retributive justice,1,0.6411211490631104,1.0
ibm-granite/granite-embedding-278m-multilingual,West,justice,What is the basis of a just outcome,restorative justice,2,0.6300503611564636,0.7059685827406121
ibm-granite/granite-embedding-278m-multilingual,West,justice,What is the basis of a just outcome,procedural justice,3,0.6291089653968811,0.6809658519750954
ibm-granite/granite-embedding-278m-multilingual,West,justice,What is the basis of a just outcome,transformative justice,4,0.6049152612686157,0.03840010384824226
ibm-granite/granite-embedding-278m-multilingual,West,justice,What is the basis of a just outcome,distributive justice,5,0.6034694314002991,0.0
ibm-granite/granite-embedding-278m-multilingual,West,power_structure,How should power be distributed,decentralization,1,0.625627875328064,1.0
ibm-granite/granite-embedding-278m-multilingual,West,power_structure,How should power be distributed,centralism,2,0.5748830437660217,0.4941029172851552
ibm-granite/granite-embedding-278m-multilingual,West,power_structure,How should power be distributed,federalism,3,0.5443477630615234,0.18968355175040674
ibm-granite/granite-embedding-278m-multilingual,West,power_structure,How should power be distributed,direct democracy,4,0.5417096614837646,0.16338318083555078
ibm-granite/granite-embedding-278m-multilingual,West,power_structure,How should power be distributed,technocracy,5,0.5293107032775879,0.03977262598448124
ibm-granite/granite-embedding-278m-multilingual,West,power_structure,How should power be distributed,representative democracy,6,0.5253212451934814,0.0
ibm-granite/granite-embedding-278m-multilingual,West,social_order,How should society be structured,meritocracy,1,0.603219747543335,1.0
ibm-granite/granite-embedding-278m-multilingual,West,social_order,How should society be structured,egalitarianism,2,0.5829145908355713,0.616170106327722
ibm-granite/granite-embedding-278m-multilingual,West,social_order,How should society be structured,nationalism,3,0.5807927250862122,0.5760603196028569
ibm-granite/granite-embedding-278m-multilingual,West,social_order,How should society be structured,globalism,4,0.5800315737724304,0.5616722194742991
ibm-granite/granite-embedding-278m-multilingual,West,social_order,How should society be structured,traditionalism,5,0.572913646697998,0.42712151240677876
ibm-granite/granite-embedding-278m-multilingual,West,social_order,How should society be structured,progressivism,6,0.5660584568977356,0.29753734765458195
ibm-granite/granite-embedding-278m-multilingual,West,social_order,How should society be structured,multiculturalism,7,0.5503183007240295,0.0
jinaai/jina-embeddings-v3,West,economy,Best type of economy,mixed economy,1,0.29500871896743774,1.0
jinaai/jina-embeddings-v3,West,economy,Best type of economy,capitalism,2,0.09636365622282028,0.471876009730494
jinaai/jina-embeddings-v3,West,economy,Best type of economy,market anarchism,3,0.04355422779917717,0.33147520803122305
jinaai/jina-embeddings-v3,West,economy,Best type of economy,socialism,4,-0.0101579949259758,0.18867420910420157
jinaai/jina-embeddings-v3,West,economy,Best type of economy,communism,5,-0.02879345789551735,0.13912938313162362
jinaai/jina-embeddings-v3,West,economy,Best type of economy,fascism,6,-0.08112466335296631,0.0
jinaai/jina-embeddings-v3,West,epistemological,How should knowledge and truth be established,religious revelation,1,0.0845005214214325,1.0
jinaai/jina-embeddings-v3,West,epistemological,How should knowledge and truth be established,scientific consensus,2,0.04678003117442131,0.782250064977564
jinaai/jina-embeddings-v3,West,epistemological,How should knowledge and truth be established,empiricism,3,0.020393401384353638,0.6299273649112896
jinaai/jina-embeddings-v3,West,epistemological,How should knowledge and truth be established,rationalism,4,0.016852743923664093,0.6094881307721485
jinaai/jina-embeddings-v3,West,epistemological,How should knowledge and truth be established,pragmatism,5,0.000489603728055954,0.5150282578748442
jinaai/jina-embeddings-v3,West,epistemological,How should knowledge and truth be established,tradition,6,-0.03753357008099556,0.295531014545039
jinaai/jina-embeddings-v3,West,epistemological,How should knowledge and truth be established,postmodernism,7,-0.08872795850038528,0.0
jinaai/jina-embeddings-v3,West,ethics,What determines moral rightness,moral relativism,1,0.18921160697937012,1.0
jinaai/jina-embeddings-v3,West,ethics,What determines moral rightness,virtue ethics,2,0.15451158583164215,0.8819621038519823
jinaai/jina-embeddings-v3,West,ethics,What determines moral rightness,consequentialism,3,0.026323966681957245,0.44591058641240633
jinaai/jina-embeddings-v3,West,ethics,What determines moral rightness,natural law,4,0.003141669789329171,0.36705214591074353
jinaai/jina-embeddings-v3,West,ethics,What determines moral rightness,divine command theory,5,-0.0271871667355299,0.26388356163897503
jinaai/jina-embeddings-v3,West,ethics,What determines moral rightness,contractarianism,6,-0.10476195812225342,0.0
jinaai/jina-embeddings-v3,West,freedom,Primary unit of moral concern,individualism,1,-0.015867577865719795,1.0
jinaai/jina-embeddings-v3,West,freedom,Primary unit of moral concern,collectivism,2,-0.04370121657848358,0.6629016412662015
jinaai/jina-embeddings-v3,West,freedom,Primary unit of moral concern,communitarianism,3,-0.04504574462771416,0.646617812790001
jinaai/jina-embeddings-v3,West,freedom,Primary unit of moral concern,cosmopolitanism,4,-0.09843587875366211,0.0
jinaai/jina-embeddings-v3,West,government,Best type of government,republic,1,0.16941452026367188,1.0
jinaai/jina-embeddings-v3,West,government,Best type of government,technocracy,2,0.1403949111700058,0.8121133538745648
jinaai/jina-embeddings-v3,West,government,Best type of government,theocracy,3,0.12666434049606323,0.7232151586925216
jinaai/jina-embeddings-v3,West,government,Best type of government,democracy,4,0.12342038750648499,0.702212275937169
jinaai/jina-embeddings-v3,West,government,Best type of government,authoritarianism,5,0.10135746747255325,0.559366518245213
jinaai/jina-embeddings-v3,West,government,Best type of government,oligarchy,6,0.08773566037416458,0.471172509786205
jinaai/jina-embeddings-v3,West,government,Best type of government,monarchy,7,0.07851748913526535,0.41148971833658654
jinaai/jina-embeddings-v3,West,government,Best type of government,libertarianism,8,0.01917204074561596,0.027259275233374156
jinaai/jina-embeddings-v3,West,government,Best type of government,anarchism,9,0.014961770735681057,0.0
jinaai/jina-embeddings-v3,West,identity,Primary basis of political identity,nation,1,0.08759565651416779,1.0
jinaai/jina-embeddings-v3,West,identity,Primary basis of political identity,race/ethnicity,2,0.061915382742881775,0.8177289797711176
jinaai/jina-embeddings-v3,West,identity,Primary basis of political identity,religion,3,-0.024321340024471283,0.20564611881750605
jinaai/jina-embeddings-v3,West,identity,Primary basis of political identity,gender,4,-0.025011323392391205,0.2007488200763865
jinaai/jina-embeddings-v3,West,identity,Primary basis of political identity,universal humanity,5,-0.026274632662534714,0.19178222292931368
jinaai/jina-embeddings-v3,West,identity,Primary basis of political identity,culture,6,-0.03404124081134796,0.1366571256032484
jinaai/jina-embeddings-v3,West,identity,Primary basis of political identity,class,7,-0.05329494550824165,0.0
jinaai/jina-embeddings-v3,West,justice,What is the basis of a just outcome,distributive justice,1,0.07893427461385727,1.0
jinaai/jina-embeddings-v3,West,justice,What is the basis of a just outcome,transformative justice,2,0.0502355583012104,0.2226804379605645
jinaai/jina-embeddings-v3,West,justice,What is the basis of a just outcome,procedural justice,3,0.045745596289634705,0.10106749658751421
jinaai/jina-embeddings-v3,West,justice,What is the basis of a just outcome,restorative justice,4,0.04512685164809227,0.08430847822103545
jinaai/jina-embeddings-v3,West,justice,What is the basis of a just outcome,retributive justice,5,0.04201417416334152,0.0
jinaai/jina-embeddings-v3,West,power_structure,How should power be distributed,decentralization,1,0.13307365775108337,1.0
jinaai/jina-embeddings-v3,West,power_structure,How should power be distributed,centralism,2,0.0762510746717453,0.5165865714130805
jinaai/jina-embeddings-v3,West,power_structure,How should power be distributed,representative democracy,3,0.03981031849980354,0.20656985047693124
jinaai/jina-embeddings-v3,West,power_structure,How should power be distributed,direct democracy,4,0.0331384614109993,0.14980957779032084
jinaai/jina-embeddings-v3,West,power_structure,How should power be distributed,federalism,5,0.02013416402041912,0.03917659267651694
jinaai/jina-embeddings-v3,West,power_structure,How should power be distributed,technocracy,6,0.01552917156368494,0.0
jinaai/jina-embeddings-v3,West,social_order,How should society be structured,meritocracy,1,0.08191242814064026,1.0
jinaai/jina-embeddings-v3,West,social_order,How should society be structured,traditionalism,2,0.06794571131467819,0.7584283689877181
jinaai/jina-embeddings-v3,West,social_order,How should society be structured,egalitarianism,3,0.06562569737434387,0.7183008602452198
jinaai/jina-embeddings-v3,West,social_order,How should society be structured,progressivism,4,0.05617605894804001,0.5548576834726203
jinaai/jina-embeddings-v3,West,social_order,How should society be structured,multiculturalism,5,0.05192522332072258,0.48133422706893875
jinaai/jina-embeddings-v3,West,social_order,How should society be structured,globalism,6,0.046012911945581436,0.37907349394586054
jinaai/jina-embeddings-v3,West,social_order,How should society be structured,nationalism,7,0.024096380919218063,0.0
nomic-ai/nomic-embed-text-v2-moe,West,economy,Best type of economy,mixed economy,1,0.3818632662296295,1.0
nomic-ai/nomic-embed-text-v2-moe,West,economy,Best type of economy,capitalism,2,0.2667669951915741,0.451130521983047
nomic-ai/nomic-embed-text-v2-moe,West,economy,Best type of economy,socialism,3,0.24444334208965302,0.3446737991459387
nomic-ai/nomic-embed-text-v2-moe,West,economy,Best type of economy,market anarchism,4,0.2381795197725296,0.3148029714068391
nomic-ai/nomic-embed-text-v2-moe,West,economy,Best type of economy,communism,5,0.18905813992023468,0.08055362626439631
nomic-ai/nomic-embed-text-v2-moe,West,economy,Best type of economy,fascism,6,0.17216628789901733,0.0
nomic-ai/nomic-embed-text-v2-moe,West,epistemological,How should knowledge and truth be established,scientific consensus,1,0.23864462971687317,1.0
nomic-ai/nomic-embed-text-v2-moe,West,epistemological,How should knowledge and truth be established,tradition,2,0.22792908549308777,0.8751115404266966
nomic-ai/nomic-embed-text-v2-moe,West,epistemological,How should knowledge and truth be established,empiricism,3,0.22534748911857605,0.84502332579947
nomic-ai/nomic-embed-text-v2-moe,West,epistemological,How should knowledge and truth be established,religious revelation,4,0.2252168506383896,0.8435007490445471
nomic-ai/nomic-embed-text-v2-moe,West,epistemological,How should knowledge and truth be established,pragmatism,5,0.20950868725776672,0.6604238761987231
nomic-ai/nomic-embed-text-v2-moe,West,epistemological,How should knowledge and truth be established,rationalism,6,0.20065122842788696,0.557191192361517
nomic-ai/nomic-embed-text-v2-moe,West,epistemological,How should knowledge and truth be established,postmodernism,7,0.15284371376037598,0.0
nomic-ai/nomic-embed-text-v2-moe,West,ethics,What determines moral rightness,moral relativism,1,0.3560956120491028,1.0
nomic-ai/nomic-embed-text-v2-moe,West,ethics,What determines moral rightness,virtue ethics,2,0.265880286693573,0.5403606631654324
nomic-ai/nomic-embed-text-v2-moe,West,ethics,What determines moral rightness,natural law,3,0.19419939815998077,0.1751526905792828
nomic-ai/nomic-embed-text-v2-moe,West,ethics,What determines moral rightness,consequentialism,4,0.18727624416351318,0.13987981538652156
nomic-ai/nomic-embed-text-v2-moe,West,ethics,What determines moral rightness,divine command theory,5,0.17617297172546387,0.08330959563720378
nomic-ai/nomic-embed-text-v2-moe,West,ethics,What determines moral rightness,contractarianism,6,0.15982145071029663,0.0
nomic-ai/nomic-embed-text-v2-moe,West,freedom,Primary unit of moral concern,individualism,1,0.14466895163059235,1.0
nomic-ai/nomic-embed-text-v2-moe,West,freedom,Primary unit of moral concern,communitarianism,2,0.12062516808509827,0.5759203433530539
nomic-ai/nomic-embed-text-v2-moe,West,freedom,Primary unit of moral concern,collectivism,3,0.12026990950107574,0.5696543603787817
nomic-ai/nomic-embed-text-v2-moe,West,freedom,Primary unit of moral concern,cosmopolitanism,4,0.08797256648540497,0.0
nomic-ai/nomic-embed-text-v2-moe,West,government,Best type of government,democracy,1,0.3386607766151428,1.0
nomic-ai/nomic-embed-text-v2-moe,West,government,Best type of government,theocracy,2,0.2996119558811188,0.7141851536766791
nomic-ai/nomic-embed-text-v2-moe,West,government,Best type of government,monarchy,3,0.2927030920982361,0.6636162554806623
nomic-ai/nomic-embed-text-v2-moe,West,government,Best type of government,oligarchy,4,0.28592467308044434,0.6140021377309512
nomic-ai/nomic-embed-text-v2-moe,West,government,Best type of government,technocracy,5,0.2858681082725525,0.6135881159609973
nomic-ai/nomic-embed-text-v2-moe,West,government,Best type of government,republic,6,0.2820938527584076,0.5859627424034204
nomic-ai/nomic-embed-text-v2-moe,West,government,Best type of government,authoritarianism,7,0.26287809014320374,0.4453144427720699
nomic-ai/nomic-embed-text-v2-moe,West,government,Best type of government,libertarianism,8,0.238545760512352,0.2672158235717558
nomic-ai/nomic-embed-text-v2-moe,West,government,Best type of government,anarchism,9,0.2020379900932312,0.0
nomic-ai/nomic-embed-text-v2-moe,West,identity,Primary basis of political identity,race/ethnicity,1,0.24360370635986328,1.0
nomic-ai/nomic-embed-text-v2-moe,West,identity,Primary basis of political identity,nation,2,0.2341926395893097,0.8769008210822006
nomic-ai/nomic-embed-text-v2-moe,West,identity,Primary basis of political identity,culture,3,0.1900891214609146,0.30001543695349386
nomic-ai/nomic-embed-text-v2-moe,West,identity,Primary basis of political identity,religion,4,0.18994760513305664,0.29816436691143594
nomic-ai/nomic-embed-text-v2-moe,West,identity,Primary basis of political identity,class,5,0.1781461387872696,0.14379814546054162
nomic-ai/nomic-embed-text-v2-moe,West,identity,Primary basis of political identity,universal humanity,6,0.17333434522151947,0.08085864545410956
nomic-ai/nomic-embed-text-v2-moe,West,identity,Primary basis of political identity,gender,7,0.16715261340141296,0.0
nomic-ai/nomic-embed-text-v2-moe,West,justice,What is the basis of a just outcome,procedural justice,1,0.2526095509529114,1.0
nomic-ai/nomic-embed-text-v2-moe,West,justice,What is the basis of a just outcome,transformative justice,2,0.23706725239753723,0.4712505348195402
nomic-ai/nomic-embed-text-v2-moe,West,justice,What is the basis of a just outcome,restorative justice,3,0.23567703366279602,0.4239552515730285
nomic-ai/nomic-embed-text-v2-moe,West,justice,What is the basis of a just outcome,distributive justice,4,0.22443050146102905,0.041347887184000225
nomic-ai/nomic-embed-text-v2-moe,West,justice,What is the basis of a just outcome,retributive justice,5,0.22321510314941406,0.0
nomic-ai/nomic-embed-text-v2-moe,West,power_structure,How should power be distributed,decentralization,1,0.21803714334964752,1.0
nomic-ai/nomic-embed-text-v2-moe,West,power_structure,How should power be distributed,direct democracy,2,0.2080536037683487,0.6662695012851422
nomic-ai/nomic-embed-text-v2-moe,West,power_structure,How should power be distributed,technocracy,3,0.20184186100959778,0.45862290541752176
nomic-ai/nomic-embed-text-v2-moe,West,power_structure,How should power be distributed,federalism,4,0.19728876650333405,0.306421725876188
nomic-ai/nomic-embed-text-v2-moe,West,power_structure,How should power be distributed,representative democracy,5,0.1947665810585022,0.22210992448544503
nomic-ai/nomic-embed-text-v2-moe,West,power_structure,How should power be distributed,centralism,6,0.18812216818332672,0.0
nomic-ai/nomic-embed-text-v2-moe,West,social_order,How should society be structured,egalitarianism,1,0.24742725491523743,1.0
nomic-ai/nomic-embed-text-v2-moe,West,social_order,How should society be structured,meritocracy,2,0.24194908142089844,0.8848047878673936
nomic-ai/nomic-embed-text-v2-moe,West,social_order,How should society be structured,globalism,3,0.22767023742198944,0.5845487873660462
nomic-ai/nomic-embed-text-v2-moe,West,social_order,How should society be structured,traditionalism,4,0.2245178073644638,0.518259384596102
nomic-ai/nomic-embed-text-v2-moe,West,social_order,How should society be structured,nationalism,5,0.20764994621276855,0.16356144638716552
nomic-ai/nomic-embed-text-v2-moe,West,social_order,How should society be structured,progressivism,6,0.20544186234474182,0.11712978630068309
nomic-ai/nomic-embed-text-v2-moe,West,social_order,How should society be structured,multiculturalism,7,0.19987168908119202,0.0
sentence-transformers/all-MiniLM-L6-v2,Academia,economy,Best type of economy,mixed economy,1,0.6277958154678345,1.0
sentence-transformers/all-MiniLM-L6-v2,Academia,economy,Best type of economy,capitalism,2,0.4408929944038391,0.522155995725368
sentence-transformers/all-MiniLM-L6-v2,Academia,economy,Best type of economy,market anarchism,3,0.4277925193309784,0.48866274275529986
sentence-transformers/all-MiniLM-L6-v2,Academia,economy,Best type of economy,socialism,4,0.35788652300834656,0.3099379861387235
sentence-transformers/all-MiniLM-L6-v2,Academia,economy,Best type of economy,communism,5,0.2904561758041382,0.13754258336063935
sentence-transformers/all-MiniLM-L6-v2,Academia,economy,Best type of economy,fascism,6,0.23665808141231537,0.0
sentence-transformers/all-MiniLM-L6-v2,Academia,epistemological,How should knowledge and truth be established,scientific consensus,1,0.3327101767063141,1.0
sentence-transformers/all-MiniLM-L6-v2,Academia,epistemological,How should knowledge and truth be established,postmodernism,2,0.17061948776245117,0.21810677521540708
sentence-transformers/all-MiniLM-L6-v2,Academia,epistemological,How should knowledge and truth be established,religious revelation,3,0.16775333881378174,0.2042810430972331
sentence-transformers/all-MiniLM-L6-v2,Academia,epistemological,How should knowledge and truth be established,rationalism,4,0.1636030077934265,0.18426067223834336
sentence-transformers/all-MiniLM-L6-v2,Academia,epistemological,How should knowledge and truth be established,pragmatism,5,0.1483747661113739,0.1108026650316309
sentence-transformers/all-MiniLM-L6-v2,Academia,epistemological,How should knowledge and truth be established,empiricism,6,0.13815981149673462,0.0615277569125426
sentence-transformers/all-MiniLM-L6-v2,Academia,epistemological,How should knowledge and truth be established,tradition,7,0.12540477514266968,0.0
sentence-transformers/all-MiniLM-L6-v2,Academia,ethics,What determines moral rightness,moral relativism,1,0.5923757553100586,1.0
sentence-transformers/all-MiniLM-L6-v2,Academia,ethics,What determines moral rightness,virtue ethics,2,0.5124866962432861,0.8334614797758075
sentence-transformers/all-MiniLM-L6-v2,Academia,ethics,What determines moral rightness,natural law,3,0.25312522053718567,0.2927907437347821
sentence-transformers/all-MiniLM-L6-v2,Academia,ethics,What determines moral rightness,consequentialism,4,0.24352888762950897,0.27278601341636094
sentence-transformers/all-MiniLM-L6-v2,Academia,ethics,What determines moral rightness,contractarianism,5,0.19331501424312592,0.16810904930912748
sentence-transformers/all-MiniLM-L6-v2,Academia,ethics,What determines moral rightness,divine command theory,6,0.11267256736755371,0.0
sentence-transformers/all-MiniLM-L6-v2,Academia,freedom,Primary unit of moral concern,individualism,1,0.36567556858062744,1.0
sentence-transformers/all-MiniLM-L6-v2,Academia,freedom,Primary unit of moral concern,collectivism,2,0.32032614946365356,0.41157049209742336
sentence-transformers/all-MiniLM-L6-v2,Academia,freedom,Primary unit of moral concern,communitarianism,3,0.3119194507598877,0.302489721545929
sentence-transformers/all-MiniLM-L6-v2,Academia,freedom,Primary unit of moral concern,cosmopolitanism,4,0.28860700130462646,0.0
sentence-transformers/all-MiniLM-L6-v2,Academia,government,Best type of government,oligarchy,1,0.4914315938949585,1.0
sentence-transformers/all-MiniLM-L6-v2,Academia,government,Best type of government,monarchy,2,0.47960883378982544,0.9207280836548857
sentence-transformers/all-MiniLM-L6-v2,Academia,government,Best type of government,republic,3,0.47572916746139526,0.8947148192479772
sentence-transformers/all-MiniLM-L6-v2,Academia,government,Best type of government,democracy,4,0.43999794125556946,0.6551360111262756
sentence-transformers/all-MiniLM-L6-v2,Academia,government,Best type of government,libertarianism,5,0.3895281255245209,0.31673457398233945
sentence-transformers/all-MiniLM-L6-v2,Academia,government,Best type of government,theocracy,6,0.3872370421886444,0.3013728001726491
sentence-transformers/all-MiniLM-L6-v2,Academia,government,Best type of government,authoritarianism,7,0.3857356309890747,0.2913057987319083
sentence-transformers/all-MiniLM-L6-v2,Academia,government,Best type of government,anarchism,8,0.3459206819534302,0.024345522013759974
sentence-transformers/all-MiniLM-L6-v2,Academia,government,Best type of government,technocracy,9,0.3422897458076477,0.0
sentence-transformers/all-MiniLM-L6-v2,Academia,identity,Primary basis of political identity,race/ethnicity,1,0.262914776802063,1.0
sentence-transformers/all-MiniLM-L6-v2,Academia,identity,Primary basis of political identity,culture,2,0.2520802617073059,0.9385744260835912
sentence-transformers/all-MiniLM-L6-v2,Academia,identity,Primary basis of political identity,universal humanity,3,0.23350770771503448,0.8332785473025631
sentence-transformers/all-MiniLM-L6-v2,Academia,identity,Primary basis of political identity,nation,4,0.23345297574996948,0.8329682480103209
sentence-transformers/all-MiniLM-L6-v2,Academia,identity,Primary basis of political identity,gender,5,0.20751473307609558,0.6859130795333498
sentence-transformers/all-MiniLM-L6-v2,Academia,identity,Primary basis of political identity,religion,6,0.20252467691898346,0.6576222828853255
sentence-transformers/all-MiniLM-L6-v2,Academia,identity,Primary basis of political identity,class,7,0.08653034269809723,0.0
sentence-transformers/all-MiniLM-L6-v2,Academia,justice,What is the basis of a just outcome,procedural justice,1,0.30999207496643066,1.0
sentence-transformers/all-MiniLM-L6-v2,Academia,justice,What is the basis of a just outcome,distributive justice,2,0.26060083508491516,0.41789065246811524
sentence-transformers/all-MiniLM-L6-v2,Academia,justice,What is the basis of a just outcome,retributive justice,3,0.256703644990921,0.3719596171617579
sentence-transformers/all-MiniLM-L6-v2,Academia,justice,What is the basis of a just outcome,transformative justice,4,0.2531796395778656,0.33042681708195604
sentence-transformers/all-MiniLM-L6-v2,Academia,justice,What is the basis of a just outcome,restorative justice,5,0.22514334321022034,0.0
sentence-transformers/all-MiniLM-L6-v2,Academia,power_structure,How should power be distributed,decentralization,1,0.4210480749607086,1.0
sentence-transformers/all-MiniLM-L6-v2,Academia,power_structure,How should power be distributed,representative democracy,2,0.21907848119735718,0.3184999683483951
sentence-transformers/all-MiniLM-L6-v2,Academia,power_structure,How should power be distributed,direct democracy,3,0.21856269240379333,0.3167595574648085
sentence-transformers/all-MiniLM-L6-v2,Academia,power_structure,How should power be distributed,centralism,4,0.1990411877632141,0.25088872125354233
sentence-transformers/all-MiniLM-L6-v2,Academia,power_structure,How should power be distributed,technocracy,5,0.16124415397644043,0.12335130712077644
sentence-transformers/all-MiniLM-L6-v2,Academia,power_structure,How should power be distributed,federalism,6,0.12468771636486053,0.0
sentence-transformers/all-MiniLM-L6-v2,Academia,social_order,How should society be structured,egalitarianism,1,0.44050896167755127,1.0
sentence-transformers/all-MiniLM-L6-v2,Academia,social_order,How should society be structured,globalism,2,0.37500470876693726,0.6916846403835191
sentence-transformers/all-MiniLM-L6-v2,Academia,social_order,How should society be structured,multiculturalism,3,0.3526710271835327,0.5865644876761275
sentence-transformers/all-MiniLM-L6-v2,Academia,social_order,How should society be structured,traditionalism,4,0.31939008831977844,0.4299177940919027
sentence-transformers/all-MiniLM-L6-v2,Academia,social_order,How should society be structured,nationalism,5,0.27300095558166504,0.21157346518298403
sentence-transformers/all-MiniLM-L6-v2,Academia,social_order,How should society be structured,meritocracy,6,0.24574558436870575,0.08328790808379605
sentence-transformers/all-MiniLM-L6-v2,Academia,social_order,How should society be structured,progressivism,7,0.2280503511428833,0.0
sentence-transformers/all-mpnet-base-v2,Academia,economy,Best type of economy,mixed economy,1,0.6493176817893982,1.0
sentence-transformers/all-mpnet-base-v2,Academia,economy,Best type of economy,market anarchism,2,0.4733760356903076,0.6468238327457804
sentence-transformers/all-mpnet-base-v2,Academia,economy,Best type of economy,capitalism,3,0.4512645900249481,0.6024384594945638
sentence-transformers/all-mpnet-base-v2,Academia,economy,Best type of economy,communism,4,0.38683775067329407,0.47311135192785725
sentence-transformers/all-mpnet-base-v2,Academia,economy,Best type of economy,socialism,5,0.33998918533325195,0.3790699631208187
sentence-transformers/all-mpnet-base-v2,Academia,economy,Best type of economy,fascism,6,0.15114803612232208,0.0
sentence-transformers/all-mpnet-base-v2,Academia,epistemological,How should knowledge and truth be established,religious revelation,1,0.3810974955558777,1.0
sentence-transformers/all-mpnet-base-v2,Academia,epistemological,How should knowledge and truth be established,pragmatism,2,0.31063732504844666,0.6674086109094571
sentence-transformers/all-mpnet-base-v2,Academia,epistemological,How should knowledge and truth be established,rationalism,3,0.3047792315483093,0.6397567979688757
sentence-transformers/all-mpnet-base-v2,Academia,epistemological,How should knowledge and truth be established,scientific consensus,4,0.30144256353378296,0.6240068069896705
sentence-transformers/all-mpnet-base-v2,Academia,epistemological,How should knowledge and truth be established,empiricism,5,0.2312292456626892,0.29258063025426123
sentence-transformers/all-mpnet-base-v2,Academia,epistemological,How should knowledge and truth be established,tradition,6,0.1968810260295868,0.13044758404830897
sentence-transformers/all-mpnet-base-v2,Academia,epistemological,How should knowledge and truth be established,postmodernism,7,0.16924543678760529,0.0
sentence-transformers/all-mpnet-base-v2,Academia,ethics,What determines moral rightness,moral relativism,1,0.5504772663116455,1.0
sentence-transformers/all-mpnet-base-v2,Academia,ethics,What determines moral rightness,virtue ethics,2,0.5358887314796448,0.961779163503134
sentence-transformers/all-mpnet-base-v2,Academia,ethics,What determines moral rightness,consequentialism,3,0.41604888439178467,0.6478080036778703
sentence-transformers/all-mpnet-base-v2,Academia,ethics,What determines moral rightness,natural law,4,0.3410605788230896,0.451344424619119
sentence-transformers/all-mpnet-base-v2,Academia,ethics,What determines moral rightness,divine command theory,5,0.2968926429748535,0.3356278380050552
sentence-transformers/all-mpnet-base-v2,Academia,ethics,What determines moral rightness,contractarianism,6,0.1687866449356079,0.0
sentence-transformers/all-mpnet-base-v2,Academia,freedom,Primary unit of moral concern,collectivism,1,0.4243216812610626,1.0
sentence-transformers/all-mpnet-base-v2,Academia,freedom,Primary unit of moral concern,individualism,2,0.4005155563354492,0.8176482821453283
sentence-transformers/all-mpnet-base-v2,Academia,freedom,Primary unit of moral concern,communitarianism,3,0.33340954780578613,0.30362527453738125
sentence-transformers/all-mpnet-base-v2,Academia,freedom,Primary unit of moral concern,cosmopolitanism,4,0.29377108812332153,0.0
sentence-transformers/all-mpnet-base-v2,Academia,government,Best type of government,democracy,1,0.5269305109977722,1.0
sentence-transformers/all-mpnet-base-v2,Academia,government,Best type of government,oligarchy,2,0.49351537227630615,0.8448513412257318
sentence-transformers/all-mpnet-base-v2,Academia,government,Best type of government,republic,3,0.4472922086715698,0.630234191275927
sentence-transformers/all-mpnet-base-v2,Academia,government,Best type of government,anarchism,4,0.4456097185611725,0.6224222804469761
sentence-transformers/all-mpnet-base-v2,Academia,government,Best type of government,theocracy,5,0.4343024790287018,0.5699220331032402
sentence-transformers/all-mpnet-base-v2,Academia,government,Best type of government,monarchy,6,0.4341554045677185,0.5692391568311497
sentence-transformers/all-mpnet-base-v2,Academia,government,Best type of government,libertarianism,7,0.4148094654083252,0.4794147051558888
sentence-transformers/all-mpnet-base-v2,Academia,government,Best type of government,technocracy,8,0.4143930673599243,0.47748134197987074
sentence-transformers/all-mpnet-base-v2,Academia,government,Best type of government,authoritarianism,9,0.31155553460121155,0.0
sentence-transformers/all-mpnet-base-v2,Academia,identity,Primary basis of political identity,race/ethnicity,1,0.37018170952796936,1.0
sentence-transformers/all-mpnet-base-v2,Academia,identity,Primary basis of political identity,culture,2,0.34788981080055237,0.8954451185138064
sentence-transformers/all-mpnet-base-v2,Academia,identity,Primary basis of political identity,religion,3,0.34086495637893677,0.8624966994270806
sentence-transformers/all-mpnet-base-v2,Academia,identity,Primary basis of political identity,gender,4,0.30126819014549255,0.6767774275338161
sentence-transformers/all-mpnet-base-v2,Academia,identity,Primary basis of political identity,universal humanity,5,0.28385764360427856,0.5951173745932555
sentence-transformers/all-mpnet-base-v2,Academia,identity,Primary basis of political identity,nation,6,0.27122795581817627,0.5358808095150432
sentence-transformers/all-mpnet-base-v2,Academia,identity,Primary basis of political identity,class,7,0.15697407722473145,0.0
sentence-transformers/all-mpnet-base-v2,Academia,justice,What is the basis of a just outcome,distributive justice,1,0.5919591784477234,1.0
sentence-transformers/all-mpnet-base-v2,Academia,justice,What is the basis of a just outcome,procedural justice,2,0.5814253091812134,0.9096678397186719
sentence-transformers/all-mpnet-base-v2,Academia,justice,What is the basis of a just outcome,retributive justice,3,0.5579882264137268,0.7086854406100893
sentence-transformers/all-mpnet-base-v2,Academia,justice,What is the basis of a just outcome,restorative justice,4,0.4916914105415344,0.14016361392021712
sentence-transformers/all-mpnet-base-v2,Academia,justice,What is the basis of a just outcome,transformative justice,5,0.47534656524658203,0.0
sentence-transformers/all-mpnet-base-v2,Academia,power_structure,How should power be distributed,decentralization,1,0.3257298469543457,1.0
sentence-transformers/all-mpnet-base-v2,Academia,power_structure,How should power be distributed,direct democracy,2,0.2698664367198944,0.738705365108395
sentence-transformers/all-mpnet-base-v2,Academia,power_structure,How should power be distributed,centralism,3,0.25625914335250854,0.6750588254973682
sentence-transformers/all-mpnet-base-v2,Academia,power_structure,How should power be distributed,federalism,4,0.2500815987586975,0.6461640757427067
sentence-transformers/all-mpnet-base-v2,Academia,power_structure,How should power be distributed,representative democracy,5,0.2470916211605072,0.6321788016326166
sentence-transformers/all-mpnet-base-v2,Academia,power_structure,How should power be distributed,technocracy,6,0.11193513870239258,0.0
sentence-transformers/all-mpnet-base-v2,Academia,social_order,How should society be structured,egalitarianism,1,0.47511497139930725,1.0
sentence-transformers/all-mpnet-base-v2,Academia,social_order,How should society be structured,meritocracy,2,0.40684929490089417,0.7529233229542295
sentence-transformers/all-mpnet-base-v2,Academia,social_order,How should society be structured,progressivism,3,0.2937275171279907,0.34349717518451073
sentence-transformers/all-mpnet-base-v2,Academia,social_order,How should society be structured,multiculturalism,4,0.27577435970306396,0.27851859873791796
sentence-transformers/all-mpnet-base-v2,Academia,social_order,How should society be structured,globalism,5,0.26426470279693604,0.23686123989860283
sentence-transformers/all-mpnet-base-v2,Academia,social_order,How should society be structured,traditionalism,6,0.24043384194374084,0.1506092577493528
sentence-transformers/all-mpnet-base-v2,Academia,social_order,How should society be structured,nationalism,7,0.19882148504257202,0.0
composite_Academia,Academia,economy,Best type of economy,mixed economy,1,0.6385567486286163,1.0
composite_Academia,Academia,economy,Best type of economy,market anarchism,2,0.450584277510643,0.5772609664464761
composite_Academia,Academia,economy,Best type of economy,capitalism,3,0.4460787922143936,0.5671283949667368
composite_Academia,Academia,economy,Best type of economy,socialism,4,0.34893785417079926,0.348664137818897
composite_Academia,Academia,economy,Best type of economy,communism,5,0.3386469632387161,0.3255205292832449
composite_Academia,Academia,economy,Best type of economy,fascism,6,0.19390305876731873,0.0
composite_Academia,Academia,epistemological,How should knowledge and truth be established,scientific consensus,1,0.3170763701200485,1.0
composite_Academia,Academia,epistemological,How should knowledge and truth be established,religious revelation,2,0.2744254171848297,0.726479805376607
composite_Academia,Academia,epistemological,How should knowledge and truth be established,rationalism,3,0.23419111967086792,0.4684576012005522
composite_Academia,Academia,epistemological,How should knowledge and truth be established,pragmatism,4,0.22950604557991028,0.4384122613196327
composite_Academia,Academia,epistemological,How should knowledge and truth be established,empiricism,5,0.18469452857971191,0.15103638791581228
composite_Academia,Academia,epistemological,How should knowledge and truth be established,postmodernism,6,0.16993246227502823,0.05636738357179948
composite_Academia,Academia,epistemological,How should knowledge and truth be established,tradition,7,0.16114290058612823,0.0
composite_Academia,Academia,ethics,What determines moral rightness,moral relativism,1,0.571426510810852,1.0
composite_Academia,Academia,ethics,What determines moral rightness,virtue ethics,2,0.5241877138614655,0.8789914453646896
composite_Academia,Academia,ethics,What determines moral rightness,consequentialism,3,0.3297888860106468,0.38101260804945297
composite_Academia,Academia,ethics,What determines moral rightness,natural law,4,0.29709289968013763,0.29725742578962705
composite_Academia,Academia,ethics,What determines moral rightness,divine command theory,5,0.2047826051712036,0.06079214644616181
composite_Academia,Academia,ethics,What determines moral rightness,contractarianism,6,0.1810508295893669,0.0
composite_Academia,Academia,freedom,Primary unit of moral concern,individualism,1,0.38309556245803833,1.0
composite_Academia,Academia,freedom,Primary unit of moral concern,collectivism,2,0.3723239153623581,0.8827977888828683
composite_Academia,Academia,freedom,Primary unit of moral concern,communitarianism,3,0.3226644992828369,0.3424724964176517
composite_Academia,Academia,freedom,Primary unit of moral concern,cosmopolitanism,4,0.291189044713974,0.0
composite_Academia,Academia,government,Best type of government,oligarchy,1,0.4924734830856323,1.0
composite_Academia,Academia,government,Best type of government,democracy,2,0.48346422612667084,0.9373608532088317
composite_Academia,Academia,government,Best type of government,republic,3,0.46151068806648254,0.7847233050290366
composite_Academia,Academia,government,Best type of government,monarchy,4,0.456882119178772,0.7525420044721749
composite_Academia,Academia,government,Best type of government,theocracy,5,0.4107697606086731,0.4319341218780068
composite_Academia,Academia,government,Best type of government,libertarianism,6,0.40216879546642303,0.37213372762293745
composite_Academia,Academia,government,Best type of government,anarchism,7,0.39576520025730133,0.3276111058215459
composite_Academia,Academia,government,Best type of government,technocracy,8,0.378341406583786,0.20646775575994805
composite_Academia,Academia,government,Best type of government,authoritarianism,9,0.3486455827951431,0.0
composite_Academia,Academia,identity,Primary basis of political identity,race/ethnicity,1,0.3165482431650162,1.0
composite_Academia,Academia,identity,Primary basis of political identity,culture,2,0.29998503625392914,0.9149715390057502
composite_Academia,Academia,identity,Primary basis of political identity,religion,3,0.2716948166489601,0.7697415815999958
composite_Academia,Academia,identity,Primary basis of political identity,universal humanity,4,0.2586826756596565,0.7029427830038086
composite_Academia,Academia,identity,Primary basis of political identity,gender,5,0.25439146161079407,0.6809135148596404
composite_Academia,Academia,identity,Primary basis of political identity,nation,6,0.2523404657840729,0.6703845744444241
composite_Academia,Academia,identity,Primary basis of political identity,class,7,0.12175220996141434,0.0
composite_Academia,Academia,justice,What is the basis of a just outcome,procedural justice,1,0.445708692073822,1.0
composite_Academia,Academia,justice,What is the basis of a just outcome,distributive justice,2,0.4262800067663193,0.7774270525831164
composite_Academia,Academia,justice,What is the basis of a just outcome,retributive justice,3,0.4073459357023239,0.5605203532046061
composite_Academia,Academia,justice,What is the basis of a just outcome,transformative justice,4,0.3642631024122238,0.06696800847931408
composite_Academia,Academia,justice,What is the basis of a just outcome,restorative justice,5,0.3584173768758774,0.0
composite_Academia,Academia,power_structure,How should power be distributed,decentralization,1,0.37338896095752716,0.9999999999999999
composite_Academia,Academia,power_structure,How should power be distributed,direct democracy,2,0.24421456456184387,0.45449843634892045
composite_Academia,Academia,power_structure,How should power be distributed,representative democracy,3,0.2330850511789322,0.40749866609679625
composite_Academia,Academia,power_structure,How should power be distributed,centralism,4,0.22765016555786133,0.3845472245783283
composite_Academia,Academia,power_structure,How should power be distributed,federalism,5,0.18738465756177902,0.21450658041084406
composite_Academia,Academia,power_structure,How should power be distributed,technocracy,6,0.1365896463394165,0.0
composite_Academia,Academia,social_order,How should society be structured,egalitarianism,1,0.45781196653842926,1.0
composite_Academia,Academia,social_order,How should society be structured,meritocracy,2,0.32629743963479996,0.40732724364297046
composite_Academia,Academia,social_order,How should society be structured,globalism,3,0.31963470578193665,0.37730150481076224
composite_Academia,Academia,social_order,How should society be structured,multiculturalism,4,0.31422269344329834,0.35291216664639785
composite_Academia,Academia,social_order,How should society be structured,traditionalism,5,0.27991196513175964,0.1982902066258304
composite_Academia,Academia,social_order,How should society be structured,progressivism,6,0.260888934135437,0.11256254991519662
composite_Academia,Academia,social_order,How should society be structured,nationalism,7,0.23591122031211853,0.0
composite_East,East,economy,Best type of economy,mixed economy,1,0.5921003222465515,1.0
composite_East,East,economy,Best type of economy,capitalism,2,0.5197403132915497,0.6677912921193234
composite_East,East,economy,Best type of economy,socialism,3,0.48826074600219727,0.5232668990897162
composite_East,East,economy,Best type of economy,communism,4,0.44975385069847107,0.34647966373568984
composite_East,East,economy,Best type of economy,market anarchism,5,0.44520899653434753,0.32561399288829523
composite_East,East,economy,Best type of economy,fascism,6,0.37428541481494904,0.0
composite_East,East,epistemological,How should knowledge and truth be established,empiricism,1,0.4954720139503479,1.0
composite_East,East,epistemological,How should knowledge and truth be established,rationalism,2,0.4889104962348938,0.9567404729983101
composite_East,East,epistemological,How should knowledge and truth be established,religious revelation,3,0.4730417728424072,0.8521193323035597
composite_East,East,epistemological,How should knowledge and truth be established,scientific consensus,4,0.4674365520477295,0.8151645893868879
composite_East,East,epistemological,How should knowledge and truth be established,pragmatism,5,0.4449479430913925,0.6668991074411798
composite_East,East,epistemological,How should knowledge and truth be established,tradition,6,0.39268873631954193,0.322358611709651
composite_East,East,epistemological,How should knowledge and truth be established,postmodernism,7,0.3437940329313278,0.0
composite_East,East,ethics,What determines moral rightness,moral relativism,1,0.6320363581180573,0.9999999999999999
composite_East,East,ethics,What determines moral rightness,virtue ethics,2,0.5660590827465057,0.7301125263614606
composite_East,East,ethics,What determines moral rightness,natural law,3,0.4831501543521881,0.39096421960872085
composite_East,East,ethics,What determines moral rightness,consequentialism,4,0.4580874443054199,0.2884423822190233
composite_East,East,ethics,What determines moral rightness,divine command theory,5,0.42872104048728943,0.16831580088187076
composite_East,East,ethics,What determines moral rightness,contractarianism,6,0.3875741958618164,0.0
composite_East,East,freedom,Primary unit of moral concern,communitarianism,1,0.4640390872955322,0.9999999999999999
composite_East,East,freedom,Primary unit of moral concern,individualism,2,0.45480023324489594,0.8499785738637916
composite_East,East,freedom,Primary unit of moral concern,collectivism,3,0.45330269634723663,0.8256614215582014
composite_East,East,freedom,Primary unit of moral concern,cosmopolitanism,4,0.40245552361011505,0.0
composite_East,East,government,Best type of government,democracy,1,0.565308541059494,1.0
composite_East,East,government,Best type of government,monarchy,2,0.5646106898784637,0.9929244142759068
composite_East,East,government,Best type of government,oligarchy,3,0.5550423264503479,0.8959097820516541
composite_East,East,government,Best type of government,republic,4,0.5508954077959061,0.8538637423974319
composite_East,East,government,Best type of government,technocracy,5,0.549567312002182,0.8403980409789304
composite_East,East,government,Best type of government,theocracy,6,0.527777224779129,0.6194660797338981
composite_East,East,government,Best type of government,authoritarianism,7,0.5159426927566528,0.49947452837486345
composite_East,East,government,Best type of government,libertarianism,8,0.5142481029033661,0.4822929055589399
composite_East,East,government,Best type of government,anarchism,9,0.46668049693107605,0.0
composite_East,East,identity,Primary basis of political identity,race/ethnicity,1,0.44549068808555603,1.0
composite_East,East,identity,Primary basis of political identity,nation,2,0.4215861111879349,0.8344162824795718
composite_East,East,identity,Primary basis of political identity,gender,3,0.3814760819077492,0.5565796243989469
composite_East,East,identity,Primary basis of political identity,religion,4,0.3511906787753105,0.34679680085217024
composite_East,East,identity,Primary basis of political identity,culture,5,0.35024290531873703,0.34023170442821965
composite_East,East,identity,Primary basis of political identity,class,6,0.34863314777612686,0.32908113525673743
composite_East,East,identity,Primary basis of political identity,universal humanity,7,0.3011251837015152,0.0
composite_East,East,justice,What is the basis of a just outcome,distributive justice,1,0.5918003916740417,1.0
composite_East,East,justice,What is the basis of a just outcome,procedural justice,2,0.5633736252784729,0.5064053602588225
composite_East,East,justice,What is the basis of a just outcome,retributive justice,3,0.5536132901906967,0.33692955656153556
composite_East,East,justice,What is the basis of a just outcome,transformative justice,4,0.5489727556705475,0.2563525773579985
composite_East,East,justice,What is the basis of a just outcome,restorative justice,5,0.5342090725898743,0.0
composite_East,East,power_structure,How should power be distributed,decentralization,1,0.49443286657333374,1.0
composite_East,East,power_structure,How should power be distributed,direct democracy,2,0.4698108732700348,0.6281019934594185
composite_East,East,power_structure,How should power be distributed,representative democracy,3,0.4481923580169678,0.3015694244693374
composite_East,East,power_structure,How should power be distributed,centralism,4,0.4474533796310425,0.29040767224169095
composite_East,East,power_structure,How should power be distributed,federalism,5,0.44723303616046906,0.2870795380629886
composite_East,East,power_structure,How should power be distributed,technocracy,6,0.4282265603542328,0.0
composite_East,East,social_order,How should society be structured,egalitarianism,1,0.49145108461380005,0.9999999999999999
composite_East,East,social_order,How should society be structured,meritocracy,2,0.4847610890865326,0.9340424894252433
composite_East,East,social_order,How should society be structured,multiculturalism,3,0.4478381276130676,0.5700143504061247
composite_East,East,social_order,How should society be structured,progressivism,4,0.4350375235080719,0.4438115783448728
composite_East,East,social_order,How should society be structured,traditionalism,5,0.42083123326301575,0.30374996914838975
composite_East,East,social_order,How should society be structured,nationalism,6,0.4111021012067795,0.20782922781651694
composite_East,East,social_order,How should society be structured,globalism,7,0.3900222182273865,0.0
composite_West,West,economy,Best type of economy,mixed economy,1,0.49345775693655014,0.9999999999999999
composite_West,West,economy,Best type of economy,capitalism,2,0.36211313866078854,0.5412919743564153
composite_West,West,economy,Best type of economy,market anarchism,3,0.3361554807052016,0.4506374337482899
composite_West,West,economy,Best type of economy,socialism,4,0.2954889517277479,0.3086136229373993
composite_West,West,economy,Best type of economy,communism,5,0.26258749049156904,0.1937085394816757
composite_West,West,economy,Best type of economy,fascism,6,0.20712176337838173,0.0
composite_West,West,epistemological,How should knowledge and truth be established,scientific consensus,1,0.2986933020874858,0.9999999999999999
composite_West,West,epistemological,How should knowledge and truth be established,religious revelation,2,0.29365305230021477,0.9479184382888635
composite_West,West,epistemological,How should knowledge and truth be established,empiricism,3,0.27473513782024384,0.7524371482696894
composite_West,West,epistemological,How should knowledge and truth be established,rationalism,4,0.26798938401043415,0.6827323899418369
composite_West,West,epistemological,How should knowledge and truth be established,pragmatism,5,0.2634978098794818,0.6363203657060308
composite_West,West,epistemological,How should knowledge and truth be established,tradition,6,0.22424451541155577,0.23071092877699362
composite_West,West,epistemological,How should knowledge and truth be established,postmodernism,7,0.20191721431910992,0.0
composite_West,West,ethics,What determines moral rightness,moral relativism,1,0.45202092826366425,1.0
composite_West,West,ethics,What determines moral rightness,virtue ethics,2,0.4100733734667301,0.8269124433171932
composite_West,West,ethics,What determines moral rightness,consequentialism,3,0.291797099635005,0.33887085543002077
composite_West,West,ethics,What determines moral rightness,natural law,4,0.2794507849612273,0.28792644517139343
composite_West,West,ethics,What determines moral rightness,divine command theory,5,0.24802872585132718,0.15827008108523558
composite_West,West,ethics,What determines moral rightness,contractarianism,6,0.20967216789722443,0.0
composite_West,West,freedom,Primary unit of moral concern,individualism,1,0.2364763501100242,1.0
composite_West,West,freedom,Primary unit of moral concern,communitarianism,2,0.23176403064280748,0.907379161321057
composite_West,West,freedom,Primary unit of moral concern,collectivism,3,0.22496441006660461,0.7737323309548461
composite_West,West,freedom,Primary unit of moral concern,cosmopolitanism,4,0.18559882044792175,0.0
composite_West,West,government,Best type of government,democracy,1,0.3946129307150841,1.0
composite_West,West,government,Best type of government,technocracy,2,0.3730686865746975,0.8152063846271614
composite_West,West,government,Best type of government,theocracy,3,0.3640131726861,0.7375336132071633
composite_West,West,government,Best type of government,republic,4,0.3582111522555351,0.6877673589424677
composite_West,West,government,Best type of government,monarchy,5,0.35597592405974865,0.6685949109887991
composite_West,West,government,Best type of government,authoritarianism,6,0.3526602853089571,0.6401553487541475
composite_West,West,government,Best type of government,oligarchy,7,0.3497025240212679,0.614785444932026
composite_West,West,government,Best type of government,libertarianism,8,0.3028310271911323,0.21274983390121452
composite_West,West,government,Best type of government,anarchism,9,0.2780274951364845,0.0
composite_West,West,identity,Primary basis of political identity,nation,1,0.3107408322393894,1.0
composite_West,West,identity,Primary basis of political identity,race/ethnicity,2,0.3047560043632984,0.9527958475424934
composite_West,West,identity,Primary basis of political identity,culture,3,0.22596338391304016,0.33133455487625596
composite_West,West,identity,Primary basis of political identity,universal humanity,4,0.2233442598953843,0.3106767294560042
composite_West,West,identity,Primary basis of political identity,religion,5,0.21688341535627842,0.2597180892173143
composite_West,West,identity,Primary basis of political identity,gender,6,0.2055924478918314,0.1706628046511989
composite_West,West,identity,Primary basis of political identity,class,7,0.18395478557795286,0.0
composite_West,West,justice,What is the basis of a just outcome,distributive justice,1,0.3577060755342245,1.0
composite_West,West,justice,What is the basis of a just outcome,procedural justice,2,0.3491212911903858,0.7482713980147836
composite_West,West,justice,What is the basis of a just outcome,retributive justice,3,0.343375189229846,0.579780477863793
composite_West,West,justice,What is the basis of a just outcome,transformative justice,4,0.3344711856916547,0.3186915240860584
composite_West,West,justice,What is the basis of a just outcome,restorative justice,5,0.32360274251550436,0.0
composite_West,West,power_structure,How should power be distributed,decentralization,1,0.33597132191061974,1.0
composite_West,West,power_structure,How should power be distributed,centralism,2,0.2804451584815979,0.297494113075811
composite_West,West,power_structure,How should power be distributed,direct democracy,3,0.26614063046872616,0.11651609265918593
composite_West,West,power_structure,How should power be distributed,representative democracy,4,0.26285212207585573,0.07491054380573121
composite_West,West,power_structure,How should power be distributed,federalism,5,0.2581433798186481,0.01533648085204789
composite_West,West,power_structure,How should power be distributed,technocracy,6,0.2569311822298914,0.0
composite_West,West,social_order,How should society be structured,meritocracy,1,0.31301387399435043,1.0
composite_West,West,social_order,How should society be structured,egalitarianism,2,0.31189674139022827,0.9825274117695196
composite_West,West,social_order,How should society be structured,progressivism,3,0.2774349804967642,0.44352590418938365
composite_West,West,social_order,How should society be structured,globalism,4,0.27735423017293215,0.442262923275042
composite_West,West,social_order,How should society be structured,traditionalism,5,0.27695308811962605,0.43598883379498915
composite_West,West,social_order,How should society be structured,nationalism,6,0.2553255958482623,0.09772257469464027
composite_West,West,social_order,How should society be structured,multiculturalism,7,0.24907757621258497,0.0
